id,name,account,num_nodes,scheduled_nodes,run_time,submit_time,start_time,end_time,current_state,avg_cpu_usage,avg_gpu_usage,avg_ntx_usage,avg_nrx_usage,avg_node_power,max_node_power,energy
53864,User-Test LLM,llmUser,4,"[9481, 9482, 9483, 9484]",427,0,0,428,JobState.COMPLETED,1,0.8,,,1231.4897959183565,1231.4897959183675,2103384.571428553
83139,User-Test LLM,llmUser,1,[9478],658,0,0,659,JobState.COMPLETED,1,0.8,,,1231.489795918352,1231.4897959183675,810320.2857142757
68477,User-Test LLM,llmUser,4,"[2049, 2050, 2051, 2052]",664,0,0,665,JobState.COMPLETED,1,0.8,,,1231.489795918352,1231.4897959183675,3270836.897959143
607,User-Test LLM,llmUser,1,[2565],927,0,0,928,JobState.COMPLETED,1,0.8,,,1231.4897959183497,1231.4897959183675,1141591.04081631
42980,User-Test LLM,llmUser,1,[9479],2676,0,0,2677,JobState.COMPLETED,1,0.8,,,1231.4897959184398,1231.4897959183675,3295466.693877745
